{
  "id": "1623324",
  "name": "new_year_2020",
  "font_family": "iconfont",
  "css_prefix_text": "icon",
  "description": "new_year_2020",
  "glyphs": [
    {
      "icon_id": "12908459",
      "name": "见屏如面",
      "font_class": "jianpingrumian",
      "unicode": "e64d",
      "unicode_decimal": 58957
    },
    {
      "icon_id": "12908460",
      "name": "抗击疫情，中国必胜！",
      "font_class": "kangjiyiqingzhongguobisheng",
      "unicode": "e64e",
      "unicode_decimal": 58958
    },
    {
      "icon_id": "12908461",
      "name": "过个素节，也很开心",
      "font_class": "guogesujieyehenkaixin",
      "unicode": "e64f",
      "unicode_decimal": 58959
    },
    {
      "icon_id": "12908462",
      "name": "鼠不尽的好运",
      "font_class": "shubujindehaoyun",
      "unicode": "e650",
      "unicode_decimal": 58960
    },
    {
      "icon_id": "12908463",
      "name": "平安喜乐",
      "font_class": "pinganxile",
      "unicode": "e651",
      "unicode_decimal": 58961
    },
    {
      "icon_id": "12908464",
      "name": "鼠年大吉",
      "font_class": "shuniandaji",
      "unicode": "e652",
      "unicode_decimal": 58962
    },
    {
      "icon_id": "12908465",
      "name": "宅",
      "font_class": "zhai",
      "unicode": "e653",
      "unicode_decimal": 58963
    },
    {
      "icon_id": "12908466",
      "name": "团团圆圆",
      "font_class": "tuantuanyuanyuan",
      "unicode": "e654",
      "unicode_decimal": 58964
    },
    {
      "icon_id": "12908467",
      "name": "我没有胖，只是腰没有了",
      "font_class": "womeiyoupangzhishiyaomeiyoule",
      "unicode": "e655",
      "unicode_decimal": 58965
    },
    {
      "icon_id": "12908468",
      "name": "武汉加油",
      "font_class": "wuhanjiayou",
      "unicode": "e656",
      "unicode_decimal": 58966
    },
    {
      "icon_id": "12908469",
      "name": "每逢佳节胖三斤，这个春节尤为甚",
      "font_class": "meifengjiajiepangsanjinzhegechunjieyouweishen",
      "unicode": "e657",
      "unicode_decimal": 58967
    },
    {
      "icon_id": "12908470",
      "name": "恭喜发财",
      "font_class": "gongxifacai",
      "unicode": "e658",
      "unicode_decimal": 58968
    },
    {
      "icon_id": "12908471",
      "name": "佛山加油",
      "font_class": "foshanjiayou",
      "unicode": "e659",
      "unicode_decimal": 58969
    },
    {
      "icon_id": "12908472",
      "name": "隔离病毒，不隔离爱",
      "font_class": "gelibingdubugeliai",
      "unicode": "e65a",
      "unicode_decimal": 58970
    },
    {
      "icon_id": "12908473",
      "name": "百病不侵",
      "font_class": "baibingbuqin",
      "unicode": "e65b",
      "unicode_decimal": 58971
    },
    {
      "icon_id": "12908474",
      "name": "不拜年，我们也是好朋友",
      "font_class": "bubainianwomenyeshihaopengyou",
      "unicode": "e65c",
      "unicode_decimal": 58972
    },
    {
      "icon_id": "12908475",
      "name": "我在家，我自豪",
      "font_class": "wozaijiawozihao",
      "unicode": "e65d",
      "unicode_decimal": 58973
    },
    {
      "icon_id": "12908476",
      "name": "春节宅在家，就是做贡献",
      "font_class": "chunjiezhaizaijiajiushizuogongxian",
      "unicode": "e65e",
      "unicode_decimal": 58974
    }
  ]
}
